filename,label
0.png,1
1.png,0
2.png,0
3.png,1
4.png,1
5.png,1
6.png,1
7.png,0
8.png,0
9.png,0
10.png,0
11.png,0
12.png,1
13.png,0
14.png,0
15.png,0
16.png,0
17.png,1
18.png,0
19.png,0
20.png,1
21.png,0
22.png,0
23.png,1
24.png,0
25.png,1
26.png,0
27.png,1
28.png,0
29.png,1
30.png,0
31.png,0
32.png,0
33.png,0
34.png,0
35.png,1
36.png,1
37.png,0
38.png,1
39.png,0
40.png,1
41.png,1
42.png,1
43.png,1
44.png,1
45.png,0
46.png,0
47.png,0
48.png,0
49.png,1
50.png,0
51.png,0
52.png,1
53.png,0
54.png,1
55.png,1
56.png,0
57.png,0
58.png,0
59.png,0
60.png,0
61.png,1
62.png,1
63.png,1
64.png,0
65.png,1
66.png,1
67.png,0
68.png,1
69.png,1
70.png,1
71.png,0
72.png,0
73.png,0
74.png,1
75.png,1
76.png,1
77.png,0
78.png,0
79.png,1
80.png,0
81.png,0
82.png,0
83.png,1
84.png,1
85.png,0
86.png,0
87.png,1
88.png,0
89.png,1
90.png,0
91.png,0
92.png,0
93.png,0
94.png,1
95.png,1
96.png,1
97.png,0
98.png,1
99.png,1
100.png,1
101.png,0
102.png,1
103.png,0
104.png,1
105.png,0
106.png,0
107.png,1
108.png,0
109.png,1
110.png,0
111.png,0
112.png,0
113.png,0
114.png,0
115.png,0
116.png,1
117.png,0
118.png,0
119.png,1
120.png,1
121.png,1
122.png,0
123.png,0
124.png,0
125.png,0
126.png,1
127.png,1
128.png,0
129.png,1
130.png,0
131.png,1
132.png,1
133.png,1
134.png,1
135.png,1
136.png,0
137.png,1
138.png,0
139.png,1
140.png,0
141.png,1
142.png,0
143.png,1
144.png,0
145.png,0
146.png,0
147.png,1
148.png,0
149.png,0
150.png,1
151.png,0
152.png,0
153.png,0
154.png,1
155.png,0
156.png,0
157.png,1
158.png,1
159.png,0
160.png,0
161.png,0
162.png,1
163.png,0
164.png,0
165.png,1
166.png,1
167.png,0
168.png,0
169.png,1
170.png,0
171.png,0
172.png,1
173.png,1
174.png,0
175.png,1
176.png,1
177.png,0
178.png,0
179.png,0
180.png,0
181.png,1
182.png,1
183.png,0
184.png,0
185.png,1
186.png,0
187.png,0
188.png,0
189.png,0
190.png,1
191.png,1
192.png,0
193.png,1
194.png,1
195.png,1
196.png,0
197.png,1
198.png,1
199.png,0
200.png,0
201.png,1
202.png,1
203.png,1
204.png,0
205.png,1
206.png,0
207.png,0
208.png,0
209.png,1
210.png,0
211.png,0
212.png,0
213.png,0
214.png,1
215.png,0
216.png,1
217.png,0
218.png,0
219.png,0
220.png,0
221.png,0
222.png,1
223.png,1
224.png,1
225.png,1
226.png,1
227.png,0
228.png,0
229.png,0
230.png,0
231.png,0
232.png,0
233.png,0
234.png,1
235.png,0
236.png,1
237.png,0
238.png,1
239.png,0
240.png,0
241.png,1
242.png,0
243.png,0
244.png,1
245.png,1
246.png,1
247.png,0
248.png,1
249.png,0
250.png,1
251.png,0
252.png,0
253.png,0
254.png,0
255.png,0
256.png,1
257.png,0
258.png,1
259.png,1
260.png,0
261.png,1
262.png,0
263.png,0
264.png,0
265.png,0
266.png,1
267.png,0
268.png,1
269.png,0
270.png,1
271.png,0
272.png,1
273.png,1
274.png,0
275.png,0
276.png,0
277.png,1
278.png,0
279.png,1
280.png,1
281.png,1
282.png,1
283.png,1
284.png,1
285.png,0
286.png,1
287.png,1
288.png,1
289.png,1
290.png,1
291.png,0
292.png,1
293.png,1
294.png,0
295.png,1
296.png,0
297.png,1
298.png,1
299.png,1
300.png,1
301.png,0
302.png,1
303.png,0
304.png,0
305.png,1
306.png,0
307.png,1
308.png,0
309.png,0
310.png,0
311.png,1
312.png,0
313.png,0
314.png,1
315.png,0
316.png,1
317.png,1
318.png,1
319.png,0
320.png,1
321.png,1
322.png,0
323.png,1
324.png,0
325.png,0
326.png,0
327.png,0
328.png,0
329.png,1
330.png,1
331.png,0
332.png,0
333.png,1
334.png,1
335.png,0
336.png,1
337.png,0
338.png,1
339.png,0
340.png,0
341.png,0
342.png,0
343.png,0
344.png,0
345.png,0
346.png,1
347.png,1
348.png,1
349.png,0
350.png,1
351.png,0
352.png,0
353.png,0
354.png,0
355.png,0
356.png,0
357.png,1
358.png,1
359.png,0
360.png,1
361.png,1
362.png,1
363.png,0
364.png,0
365.png,0
366.png,0
367.png,1
368.png,0
369.png,0
370.png,0
371.png,0
372.png,1
373.png,1
374.png,1
375.png,0
376.png,0
377.png,1
378.png,1
379.png,1
380.png,1
381.png,1
382.png,0
383.png,0
384.png,0
385.png,0
386.png,1
387.png,0
388.png,1
389.png,0
390.png,1
391.png,1
392.png,0
393.png,1
394.png,0
395.png,0
396.png,1
397.png,1
398.png,0
399.png,0
400.png,1
401.png,1
402.png,0
403.png,0
404.png,0
405.png,0
406.png,1
407.png,0
408.png,1
409.png,0
410.png,1
411.png,0
412.png,1
413.png,1
414.png,0
415.png,0
416.png,1
417.png,1
418.png,0
419.png,0
420.png,0
421.png,0
422.png,1
423.png,0
424.png,0
425.png,0
426.png,1
427.png,1
428.png,1
429.png,1
430.png,0
431.png,1
432.png,0
433.png,1
434.png,0
435.png,1
436.png,0
437.png,0
438.png,1
439.png,0
440.png,1
441.png,0
442.png,0
443.png,0
444.png,0
445.png,1
446.png,0
447.png,0
448.png,1
449.png,0
450.png,1
451.png,0
452.png,0
453.png,1
454.png,0
455.png,0
456.png,0
457.png,1
458.png,0
459.png,1
460.png,1
461.png,0
462.png,0
463.png,0
464.png,0
465.png,1
466.png,1
467.png,1
468.png,0
469.png,1
470.png,1
471.png,0
472.png,1
473.png,1
474.png,1
475.png,1
476.png,1
477.png,0
478.png,0
479.png,0
480.png,1
481.png,1
482.png,1
483.png,0
484.png,1
485.png,0
486.png,0
487.png,0
488.png,1
489.png,0
490.png,0
491.png,1
492.png,0
493.png,0
494.png,0
495.png,0
496.png,1
497.png,0
498.png,0
499.png,1
500.png,0
501.png,0
502.png,0
503.png,0
504.png,0
505.png,1
506.png,1
507.png,1
508.png,1
509.png,0
510.png,0
511.png,1
512.png,1
513.png,0
514.png,1
515.png,0
516.png,0
517.png,0
518.png,1
519.png,0
520.png,1
521.png,1
522.png,1
523.png,0
524.png,0
525.png,1
526.png,1
527.png,0
528.png,0
529.png,1
530.png,1
531.png,0
532.png,0
533.png,1
534.png,1
535.png,0
536.png,0
537.png,0
538.png,1
539.png,0
540.png,0
541.png,1
542.png,0
543.png,0
544.png,1
545.png,1
546.png,0
547.png,1
548.png,0
549.png,1
550.png,1
551.png,0
552.png,0
553.png,1
554.png,0
555.png,1
556.png,0
557.png,0
558.png,0
559.png,0
560.png,1
561.png,0
562.png,1
563.png,1
564.png,0
565.png,1
566.png,0
567.png,1
568.png,1
569.png,0
570.png,0
571.png,1
572.png,1
573.png,1
574.png,1
575.png,1
576.png,1
577.png,0
578.png,1
579.png,1
580.png,1
581.png,0
582.png,0
583.png,1
584.png,0
585.png,1
586.png,1
587.png,0
588.png,0
589.png,1
590.png,1
591.png,1
592.png,1
593.png,1
594.png,0
595.png,1
596.png,1
597.png,0
598.png,1
599.png,1
600.png,1
601.png,0
602.png,1
603.png,1
604.png,1
605.png,0
606.png,0
607.png,0
608.png,1
609.png,1
610.png,0
611.png,0
612.png,1
613.png,0
614.png,0
615.png,1
616.png,1
617.png,1
618.png,0
619.png,1
620.png,1
621.png,0
622.png,0
623.png,1
624.png,0
625.png,1
626.png,1
627.png,0
628.png,0
629.png,0
630.png,1
631.png,0
632.png,0
633.png,1
634.png,0
635.png,1
636.png,1
637.png,0
638.png,1
639.png,1
640.png,1
641.png,1
642.png,0
643.png,1
644.png,0
645.png,1
646.png,1
647.png,1
648.png,1
649.png,0
650.png,1
651.png,1
652.png,0
653.png,1
654.png,1
655.png,0
656.png,0
657.png,1
658.png,1
659.png,1
660.png,1
661.png,1
662.png,1
663.png,1
664.png,1
665.png,1
666.png,1
667.png,0
668.png,0
669.png,0
670.png,0
671.png,0
672.png,0
673.png,0
674.png,1
675.png,0
676.png,1
677.png,1
678.png,0
679.png,0
680.png,0
681.png,1
682.png,0
683.png,0
684.png,1
685.png,0
686.png,1
687.png,0
688.png,1
689.png,1
690.png,1
691.png,0
692.png,1
693.png,1
694.png,0
695.png,0
696.png,0
697.png,1
698.png,1
699.png,0
700.png,0
701.png,1
702.png,0
703.png,0
704.png,1
705.png,0
706.png,1
707.png,1
708.png,1
709.png,1
710.png,0
711.png,1
712.png,0
713.png,1
714.png,1
715.png,0
716.png,0
717.png,0
718.png,1
719.png,1
720.png,0
721.png,1
722.png,0
723.png,1
724.png,0
725.png,0
726.png,1
727.png,0
728.png,0
729.png,1
730.png,1
731.png,1
732.png,0
733.png,0
734.png,0
735.png,1
736.png,0
737.png,0
738.png,1
739.png,0
740.png,1
741.png,0
742.png,1
743.png,1
744.png,1
745.png,1
746.png,0
747.png,1
748.png,1
749.png,0
750.png,1
751.png,1
752.png,0
753.png,0
754.png,1
755.png,1
756.png,1
757.png,1
758.png,1
759.png,0
760.png,1
761.png,0
762.png,0
763.png,1
764.png,0
765.png,1
766.png,0
767.png,0
768.png,1
769.png,1
770.png,0
771.png,1
772.png,1
773.png,0
774.png,1
775.png,1
776.png,1
777.png,0
778.png,0
779.png,1
780.png,0
781.png,0
782.png,0
783.png,1
784.png,0
785.png,1
786.png,1
787.png,0
788.png,1
789.png,0
790.png,1
791.png,0
792.png,0
793.png,0
794.png,1
795.png,0
796.png,1
797.png,1
798.png,0
799.png,0
800.png,0
801.png,0
802.png,1
803.png,1
804.png,0
805.png,0
806.png,1
807.png,1
808.png,0
809.png,1
810.png,0
811.png,0
812.png,1
813.png,0
814.png,1
815.png,0
816.png,0
817.png,1
818.png,0
819.png,0
820.png,1
821.png,0
822.png,1
823.png,0
824.png,1
825.png,1
826.png,1
827.png,0
828.png,1
829.png,1
830.png,1
831.png,0
832.png,0
833.png,1
834.png,1
835.png,1
836.png,1
837.png,0
838.png,1
839.png,1
840.png,0
841.png,0
842.png,0
843.png,0
844.png,1
845.png,1
846.png,1
847.png,0
848.png,0
849.png,1
850.png,1
851.png,1
852.png,0
853.png,1
854.png,1
855.png,1
856.png,0
857.png,1
858.png,1
859.png,0
860.png,0
861.png,1
862.png,1
863.png,0
864.png,1
865.png,1
866.png,1
867.png,1
868.png,1
869.png,1
870.png,0
871.png,1
872.png,0
873.png,1
874.png,1
875.png,0
876.png,0
877.png,1
878.png,0
879.png,0
880.png,1
881.png,0
882.png,1
883.png,1
884.png,0
885.png,0
886.png,0
887.png,1
888.png,0
889.png,0
890.png,1
891.png,1
892.png,1
893.png,0
894.png,1
895.png,1
896.png,0
897.png,1
898.png,0
899.png,0
900.png,0
901.png,1
902.png,0
903.png,1
904.png,1
905.png,1
906.png,1
907.png,0
908.png,1
909.png,0
910.png,1
911.png,0
912.png,1
913.png,0
914.png,1
915.png,1
916.png,1
917.png,1
918.png,0
919.png,0
920.png,1
921.png,0
922.png,1
923.png,0
924.png,1
925.png,1
926.png,1
927.png,0
928.png,1
929.png,0
930.png,0
931.png,0
932.png,0
933.png,0
934.png,0
935.png,1
936.png,1
937.png,0
938.png,1
939.png,1
940.png,1
941.png,1
942.png,1
943.png,1
944.png,1
945.png,1
946.png,0
947.png,1
948.png,1
949.png,0
950.png,1
951.png,0
952.png,0
953.png,1
954.png,0
955.png,0
956.png,0
957.png,1
958.png,0
959.png,0
960.png,0
961.png,0
962.png,0
963.png,0
964.png,1
965.png,1
966.png,1
967.png,0
968.png,0
969.png,1
970.png,0
971.png,0
972.png,0
973.png,0
974.png,1
975.png,0
976.png,0
977.png,1
978.png,0
979.png,1
980.png,0
981.png,1
982.png,1
983.png,1
984.png,1
985.png,0
986.png,1
987.png,1
988.png,0
989.png,1
990.png,0
991.png,0
992.png,1
993.png,1
994.png,0
995.png,1
996.png,1
997.png,0
998.png,1
999.png,1
1000.png,1
1001.png,0
1002.png,1
1003.png,0
1004.png,1
1005.png,0
1006.png,0
1007.png,0
1008.png,1
1009.png,1
1010.png,0
1011.png,0
1012.png,0
1013.png,1
1014.png,1
1015.png,1
1016.png,0
1017.png,0
1018.png,1
1019.png,1
1020.png,0
1021.png,1
1022.png,1
1023.png,1
1024.png,1
1025.png,1
1026.png,0
1027.png,0
1028.png,1
1029.png,1
1030.png,1
1031.png,0
1032.png,0
1033.png,1
1034.png,0
1035.png,1
1036.png,0
1037.png,0
1038.png,1
1039.png,0
1040.png,0
1041.png,0
1042.png,1
1043.png,1
1044.png,1
1045.png,0
1046.png,1
1047.png,0
1048.png,0
1049.png,0
1050.png,1
1051.png,0
1052.png,0
1053.png,1
1054.png,1
1055.png,1
1056.png,0
1057.png,0
1058.png,1
1059.png,0
1060.png,0
1061.png,0
1062.png,0
1063.png,0
1064.png,0
1065.png,1
1066.png,0
1067.png,0
1068.png,0
1069.png,0
1070.png,0
1071.png,0
1072.png,1
1073.png,0
1074.png,1
1075.png,0
1076.png,1
1077.png,0
1078.png,1
1079.png,0
1080.png,0
1081.png,1
1082.png,0
1083.png,0
1084.png,0
1085.png,0
1086.png,1
1087.png,1
1088.png,1
1089.png,1
1090.png,1
1091.png,0
1092.png,1
1093.png,0
1094.png,1
1095.png,1
1096.png,0
1097.png,1
1098.png,0
1099.png,0
1100.png,1
1101.png,1
1102.png,0
1103.png,1
1104.png,1
1105.png,1
1106.png,1
1107.png,0
1108.png,1
1109.png,1
1110.png,1
1111.png,0
1112.png,0
1113.png,1
1114.png,0
1115.png,0
1116.png,0
1117.png,1
1118.png,0
1119.png,0
1120.png,1
1121.png,1
1122.png,1
1123.png,0
1124.png,0
1125.png,0
1126.png,0
1127.png,1
1128.png,1
1129.png,1
1130.png,0
1131.png,1
1132.png,1
1133.png,0
1134.png,0
1135.png,1
1136.png,1
1137.png,1
1138.png,0
1139.png,0
1140.png,1
1141.png,0
1142.png,1
1143.png,1
1144.png,1
1145.png,1
1146.png,1
1147.png,0
1148.png,0
1149.png,1
1150.png,0
1151.png,1
1152.png,0
1153.png,0
1154.png,0
1155.png,1
1156.png,1
1157.png,0
1158.png,1
1159.png,0
1160.png,1
1161.png,0
1162.png,0
1163.png,1
1164.png,0
1165.png,0
1166.png,1
1167.png,1
1168.png,0
1169.png,0
1170.png,1
1171.png,0
1172.png,0
1173.png,1
1174.png,0
1175.png,1
1176.png,1
1177.png,0
1178.png,1
1179.png,1
1180.png,1
1181.png,0
1182.png,0
1183.png,1
1184.png,0
1185.png,1
1186.png,1
1187.png,0
1188.png,1
1189.png,0
1190.png,0
1191.png,1
1192.png,0
1193.png,1
1194.png,1
1195.png,1
1196.png,0
1197.png,0
1198.png,0
1199.png,1
1200.png,1
1201.png,1
1202.png,0
1203.png,1
1204.png,0
1205.png,0
1206.png,0
1207.png,0
1208.png,1
1209.png,0
1210.png,0
1211.png,0
1212.png,0
1213.png,1
1214.png,1
1215.png,0
1216.png,0
1217.png,1
1218.png,1
1219.png,1
1220.png,1
1221.png,1
1222.png,0
1223.png,0
1224.png,0
1225.png,1
1226.png,1
1227.png,1
1228.png,1
1229.png,0
1230.png,1
1231.png,0
1232.png,0
1233.png,0
1234.png,1
1235.png,0
1236.png,1
1237.png,0
1238.png,0
1239.png,0
1240.png,0
1241.png,1
1242.png,0
1243.png,0
1244.png,1
1245.png,0
1246.png,1
1247.png,1
1248.png,1
1249.png,1
1250.png,1
1251.png,1
1252.png,1
1253.png,1
1254.png,1
1255.png,0
1256.png,1
1257.png,0
1258.png,0
1259.png,0
1260.png,0
1261.png,1
1262.png,1
1263.png,1
1264.png,1
1265.png,1
1266.png,0
1267.png,0
1268.png,0
1269.png,0
1270.png,1
1271.png,1
1272.png,0
1273.png,1
1274.png,1
1275.png,1
1276.png,1
1277.png,0
1278.png,1
1279.png,1
1280.png,0
1281.png,1
1282.png,0
1283.png,1
1284.png,1
1285.png,1
1286.png,0
1287.png,0
1288.png,0
1289.png,0
1290.png,1
1291.png,0
1292.png,1
1293.png,1
1294.png,0
1295.png,1
1296.png,1
1297.png,1
1298.png,0
1299.png,1
1300.png,1
1301.png,0
1302.png,0
1303.png,0
1304.png,0
1305.png,0
1306.png,0
1307.png,1
1308.png,1
1309.png,1
1310.png,0
1311.png,1
1312.png,0
1313.png,1
1314.png,0
1315.png,0
1316.png,1
1317.png,1
1318.png,0
1319.png,1
1320.png,1
1321.png,0
1322.png,1
1323.png,1
1324.png,1
1325.png,0
1326.png,0
1327.png,0
1328.png,1
1329.png,1
1330.png,0
1331.png,0
1332.png,0
1333.png,1
1334.png,0
1335.png,0
1336.png,1
1337.png,1
1338.png,1
1339.png,0
1340.png,1
1341.png,1
1342.png,0
1343.png,0
1344.png,1
1345.png,1
1346.png,0
1347.png,1
1348.png,0
1349.png,0
1350.png,0
1351.png,0
1352.png,0
1353.png,0
1354.png,1
1355.png,1
1356.png,1
1357.png,1
1358.png,0
1359.png,1
1360.png,1
1361.png,1
1362.png,0
1363.png,0
1364.png,0
1365.png,1
1366.png,0
1367.png,1
1368.png,1
1369.png,1
1370.png,0
1371.png,1
1372.png,1
1373.png,1
1374.png,0
1375.png,1
1376.png,0
1377.png,1
1378.png,1
1379.png,0
1380.png,1
1381.png,1
1382.png,1
1383.png,1
1384.png,0
1385.png,1
1386.png,0
1387.png,1
1388.png,1
1389.png,0
1390.png,1
1391.png,0
1392.png,0
1393.png,1
1394.png,0
1395.png,1
1396.png,1
1397.png,1
1398.png,1
1399.png,1
1400.png,0
1401.png,1
1402.png,1
1403.png,0
1404.png,1
1405.png,0
1406.png,0
1407.png,0
1408.png,1
1409.png,0
1410.png,0
1411.png,1
1412.png,1
1413.png,1
1414.png,1
1415.png,0
1416.png,1
1417.png,0
1418.png,1
1419.png,1
1420.png,0
1421.png,1
1422.png,1
1423.png,1
1424.png,1
1425.png,0
1426.png,1
1427.png,0
1428.png,0
1429.png,0
1430.png,0
1431.png,0
1432.png,0
1433.png,0
1434.png,1
1435.png,0
1436.png,0
1437.png,1
1438.png,1
1439.png,1
1440.png,1
1441.png,1
1442.png,0
1443.png,0
1444.png,0
1445.png,0
1446.png,1
1447.png,0
1448.png,1
1449.png,1
1450.png,1
1451.png,1
1452.png,1
1453.png,0
1454.png,1
1455.png,0
1456.png,0
1457.png,1
1458.png,0
1459.png,1
1460.png,0
1461.png,1
1462.png,0
1463.png,1
1464.png,1
1465.png,1
1466.png,0
1467.png,0
1468.png,0
1469.png,0
1470.png,0
1471.png,0
1472.png,1
1473.png,0
1474.png,0
1475.png,0
1476.png,1
1477.png,0
1478.png,0
1479.png,0
1480.png,1
1481.png,1
1482.png,1
1483.png,1
1484.png,0
1485.png,0
1486.png,0
1487.png,1
1488.png,0
1489.png,1
1490.png,0
1491.png,0
1492.png,1
1493.png,1
1494.png,0
1495.png,1
1496.png,1
1497.png,0
1498.png,0
1499.png,0
1500.png,0
1501.png,1
1502.png,0
1503.png,1
1504.png,1
1505.png,1
1506.png,0
1507.png,1
1508.png,0
1509.png,1
1510.png,1
1511.png,0
1512.png,1
1513.png,0
1514.png,1
1515.png,0
1516.png,0
1517.png,0
1518.png,1
1519.png,1
1520.png,0
1521.png,0
1522.png,0
1523.png,0
1524.png,0
1525.png,1
1526.png,0
1527.png,0
1528.png,0
1529.png,0
1530.png,0
1531.png,1
1532.png,0
1533.png,0
1534.png,0
1535.png,1
1536.png,0
1537.png,0
1538.png,0
1539.png,1
1540.png,0
1541.png,0
1542.png,0
1543.png,0
1544.png,0
1545.png,1
1546.png,0
1547.png,1
1548.png,0
1549.png,1
1550.png,0
1551.png,0
1552.png,0
1553.png,0
1554.png,1
1555.png,0
1556.png,0
1557.png,0
1558.png,0
1559.png,0
1560.png,0
1561.png,0
1562.png,1
1563.png,1
1564.png,1
1565.png,0
1566.png,1
1567.png,1
1568.png,0
1569.png,0
1570.png,1
1571.png,0
1572.png,0
1573.png,0
1574.png,1
1575.png,1
1576.png,0
1577.png,1
1578.png,0
1579.png,0
1580.png,0
1581.png,1
1582.png,0
1583.png,1
1584.png,0
1585.png,0
1586.png,1
1587.png,0
1588.png,0
1589.png,1
1590.png,0
1591.png,1
1592.png,1
1593.png,1
1594.png,1
1595.png,0
1596.png,0
1597.png,0
1598.png,1
1599.png,0
1600.png,0
1601.png,1
1602.png,0
1603.png,0
1604.png,1
1605.png,0
1606.png,1
1607.png,0
1608.png,0
1609.png,0
1610.png,0
1611.png,1
1612.png,1
1613.png,1
1614.png,0
1615.png,0
1616.png,1
1617.png,1
1618.png,1
1619.png,1
1620.png,1
1621.png,0
1622.png,1
1623.png,0
1624.png,1
1625.png,0
1626.png,0
1627.png,1
1628.png,0
1629.png,1
1630.png,0
1631.png,0
1632.png,1
1633.png,0
1634.png,0
1635.png,1
1636.png,0
1637.png,1
1638.png,1
1639.png,0
1640.png,1
1641.png,1
1642.png,0
1643.png,1
1644.png,0
1645.png,1
1646.png,1
1647.png,1
1648.png,1
1649.png,0
1650.png,0
1651.png,1
1652.png,1
1653.png,0
1654.png,1
1655.png,0
1656.png,1
1657.png,1
1658.png,0
1659.png,1
1660.png,1
1661.png,0
1662.png,0
1663.png,1
1664.png,1
1665.png,0
1666.png,1
1667.png,0
1668.png,1
1669.png,1
1670.png,1
1671.png,0
1672.png,0
1673.png,1
1674.png,1
1675.png,0
1676.png,0
1677.png,1
1678.png,1
1679.png,1
1680.png,1
1681.png,0
1682.png,0
1683.png,0
1684.png,0
1685.png,0
1686.png,0
1687.png,1
1688.png,1
1689.png,0
1690.png,0
1691.png,1
1692.png,1
1693.png,1
1694.png,0
1695.png,1
1696.png,1
1697.png,0
1698.png,0
1699.png,0
1700.png,1
1701.png,1
1702.png,1
1703.png,0
1704.png,1
1705.png,0
1706.png,1
1707.png,0
1708.png,1
1709.png,1
1710.png,0
1711.png,0
1712.png,1
1713.png,1
1714.png,0
1715.png,0
1716.png,1
1717.png,0
1718.png,1
1719.png,0
1720.png,1
1721.png,0
1722.png,0
1723.png,1
1724.png,0
1725.png,1
1726.png,1
1727.png,1
1728.png,0
1729.png,0
1730.png,1
1731.png,0
1732.png,1
1733.png,1
1734.png,0
1735.png,0
1736.png,1
1737.png,1
1738.png,1
1739.png,0
1740.png,0
1741.png,1
1742.png,1
1743.png,0
1744.png,1
1745.png,1
1746.png,1
1747.png,0
1748.png,0
1749.png,1
1750.png,0
1751.png,0
1752.png,0
1753.png,0
1754.png,1
1755.png,1
1756.png,0
1757.png,1
1758.png,0
1759.png,1
1760.png,0
1761.png,0
1762.png,0
1763.png,1
1764.png,0
1765.png,0
1766.png,0
1767.png,1
1768.png,0
1769.png,0
1770.png,0
1771.png,1
1772.png,1
1773.png,0
1774.png,0
1775.png,1
1776.png,0
1777.png,0
1778.png,0
1779.png,0
1780.png,1
1781.png,1
1782.png,0
1783.png,1
1784.png,1
1785.png,0
1786.png,1
1787.png,0
1788.png,0
1789.png,1
1790.png,1
1791.png,1
1792.png,0
1793.png,1
1794.png,1
1795.png,1
1796.png,1
1797.png,0
1798.png,1
1799.png,1
1800.png,1
1801.png,1
1802.png,1
1803.png,1
1804.png,0
1805.png,1
1806.png,0
1807.png,1
1808.png,1
1809.png,0
1810.png,1
1811.png,1
1812.png,1
1813.png,0
1814.png,0
1815.png,0
1816.png,1
1817.png,0
1818.png,1
1819.png,0
1820.png,0
1821.png,1
1822.png,0
1823.png,1
1824.png,1
1825.png,1
1826.png,1
1827.png,1
1828.png,0
1829.png,0
1830.png,1
1831.png,0
1832.png,1
1833.png,0
1834.png,1
1835.png,0
1836.png,0
1837.png,1
1838.png,0
1839.png,1
1840.png,0
1841.png,0
1842.png,1
1843.png,1
1844.png,0
1845.png,1
1846.png,0
1847.png,1
1848.png,0
1849.png,0
1850.png,1
1851.png,0
1852.png,1
1853.png,0
1854.png,0
1855.png,1
1856.png,0
1857.png,1
1858.png,1
1859.png,0
1860.png,1
1861.png,0
1862.png,1
1863.png,0
1864.png,1
1865.png,0
1866.png,1
1867.png,1
1868.png,0
1869.png,0
1870.png,0
1871.png,0
1872.png,1
1873.png,1
1874.png,0
1875.png,1
1876.png,0
1877.png,1
1878.png,1
1879.png,1
1880.png,1
1881.png,0
1882.png,1
1883.png,0
1884.png,1
1885.png,1
1886.png,0
1887.png,0
1888.png,1
1889.png,0
1890.png,0
1891.png,0
1892.png,1
1893.png,0
1894.png,0
1895.png,0
1896.png,1
1897.png,0
1898.png,1
1899.png,0
1900.png,0
1901.png,1
1902.png,1
1903.png,0
1904.png,0
1905.png,0
1906.png,1
1907.png,1
1908.png,1
1909.png,1
1910.png,1
1911.png,0
1912.png,1
1913.png,1
1914.png,1
1915.png,0
1916.png,1
1917.png,0
1918.png,0
1919.png,0
1920.png,0
1921.png,0
1922.png,0
1923.png,0
1924.png,1
1925.png,1
1926.png,0
1927.png,0
1928.png,1
1929.png,0
1930.png,0
1931.png,0
1932.png,0
1933.png,0
1934.png,0
1935.png,1
1936.png,1
1937.png,0
1938.png,0
1939.png,1
1940.png,0
1941.png,0
1942.png,0
1943.png,0
1944.png,1
1945.png,1
1946.png,0
1947.png,1
1948.png,1
1949.png,0
1950.png,1
1951.png,0
1952.png,1
1953.png,1
1954.png,0
1955.png,0
1956.png,1
1957.png,1
1958.png,1
1959.png,0
1960.png,0
1961.png,0
1962.png,0
1963.png,1
1964.png,0
1965.png,0
1966.png,1
1967.png,0
1968.png,1
1969.png,0
1970.png,0
1971.png,1
1972.png,1
1973.png,1
1974.png,1
1975.png,0
1976.png,1
1977.png,0
1978.png,0
1979.png,1
1980.png,1
1981.png,1
1982.png,1
1983.png,1
1984.png,1
1985.png,1
1986.png,1
1987.png,1
1988.png,0
1989.png,0
1990.png,1
1991.png,1
1992.png,1
1993.png,1
1994.png,0
1995.png,1
1996.png,0
1997.png,0
1998.png,1
1999.png,0
2000.png,0
2001.png,1
2002.png,1
2003.png,0
2004.png,0
2005.png,0
2006.png,0
2007.png,1
2008.png,1
2009.png,1
2010.png,0
2011.png,0
2012.png,1
2013.png,1
2014.png,1
2015.png,0
2016.png,1
2017.png,0
2018.png,1
2019.png,1
2020.png,1
2021.png,1
2022.png,0
2023.png,0
2024.png,1
2025.png,1
2026.png,0
2027.png,1
2028.png,0
2029.png,0
2030.png,1
2031.png,1
2032.png,0
2033.png,0
2034.png,1
2035.png,0
2036.png,1
2037.png,1
2038.png,0
2039.png,1
2040.png,0
2041.png,0
2042.png,0
2043.png,0
2044.png,1
2045.png,1
2046.png,0
2047.png,1
2048.png,0
2049.png,0
2050.png,1
2051.png,0
2052.png,1
2053.png,1
2054.png,1
2055.png,0
2056.png,0
2057.png,0
2058.png,1
2059.png,0
2060.png,0
2061.png,0
2062.png,0
2063.png,1
2064.png,1
2065.png,1
2066.png,0
2067.png,0
2068.png,0
2069.png,0
2070.png,1
2071.png,1
2072.png,0
2073.png,0
2074.png,1
2075.png,0
2076.png,1
2077.png,0
2078.png,1
2079.png,0
2080.png,1
2081.png,1
2082.png,0
2083.png,1
2084.png,1
2085.png,0
2086.png,0
2087.png,0
2088.png,0
2089.png,1
2090.png,1
2091.png,1
2092.png,0
2093.png,0
2094.png,0
2095.png,0
2096.png,0
2097.png,1
2098.png,1
2099.png,1
2100.png,1
2101.png,0
2102.png,0
2103.png,1
2104.png,1
2105.png,0
2106.png,0
2107.png,0
2108.png,1
2109.png,0
2110.png,0
2111.png,1
2112.png,1
2113.png,1
2114.png,0
2115.png,1
2116.png,0
2117.png,0
2118.png,0
2119.png,1
2120.png,0
2121.png,0
2122.png,0
2123.png,0
2124.png,0
2125.png,0
2126.png,0
2127.png,0
2128.png,0
2129.png,0
2130.png,1
2131.png,0
2132.png,0
2133.png,1
2134.png,0
2135.png,1
2136.png,0
2137.png,0
2138.png,0
2139.png,1
2140.png,1
2141.png,1
2142.png,1
2143.png,0
2144.png,0
2145.png,1
2146.png,0
2147.png,0
2148.png,0
2149.png,1
2150.png,1
2151.png,1
2152.png,1
2153.png,1
2154.png,0
2155.png,0
2156.png,0
2157.png,0
2158.png,1
2159.png,1
2160.png,0
2161.png,1
2162.png,0
2163.png,0
2164.png,0
2165.png,1
2166.png,0
2167.png,0
2168.png,1
2169.png,1
2170.png,0
2171.png,1
2172.png,1
2173.png,0
2174.png,0
2175.png,1
2176.png,1
2177.png,1
2178.png,1
2179.png,0
2180.png,0
2181.png,1
2182.png,0
2183.png,1
2184.png,1
2185.png,0
2186.png,1
2187.png,0
2188.png,0
2189.png,1
2190.png,1
2191.png,1
2192.png,0
2193.png,0
2194.png,0
2195.png,0
2196.png,0
2197.png,0
2198.png,1
2199.png,1
2200.png,0
2201.png,0
2202.png,0
2203.png,0
2204.png,1
2205.png,1
2206.png,1
2207.png,1
2208.png,1
2209.png,1
2210.png,1
2211.png,1
2212.png,1
2213.png,0
2214.png,0
2215.png,1
2216.png,1
2217.png,0
2218.png,1
2219.png,0
2220.png,0
2221.png,0
2222.png,1
2223.png,0
2224.png,1
2225.png,0
2226.png,0
2227.png,1
2228.png,0
2229.png,0
2230.png,0
2231.png,0
2232.png,1
2233.png,1
2234.png,0
2235.png,1
2236.png,0
2237.png,1
2238.png,0
2239.png,1
2240.png,0
2241.png,0
2242.png,0
2243.png,1
2244.png,1
2245.png,0
2246.png,0
2247.png,1
2248.png,0
2249.png,1
2250.png,0
2251.png,1
2252.png,1
2253.png,0
2254.png,0
2255.png,1
2256.png,0
2257.png,1
2258.png,0
2259.png,1
2260.png,0
2261.png,1
2262.png,0
2263.png,1
2264.png,0
2265.png,0
2266.png,1
2267.png,1
2268.png,1
2269.png,0
2270.png,1
2271.png,0
2272.png,0
2273.png,0
2274.png,1
2275.png,0
2276.png,0
2277.png,1
2278.png,0
2279.png,1
2280.png,0
2281.png,1
2282.png,1
2283.png,0
2284.png,1
2285.png,0
2286.png,1
2287.png,0
2288.png,1
2289.png,0
2290.png,0
2291.png,0
2292.png,1
2293.png,0
2294.png,0
2295.png,0
2296.png,0
2297.png,0
2298.png,1
2299.png,1
2300.png,1
2301.png,0
2302.png,1
2303.png,0
2304.png,0
2305.png,0
2306.png,1
2307.png,0
2308.png,1
2309.png,1
2310.png,0
2311.png,0
2312.png,1
2313.png,1
2314.png,1
2315.png,0
2316.png,1
2317.png,0
2318.png,0
2319.png,0
2320.png,0
2321.png,0
2322.png,1
2323.png,0
2324.png,1
2325.png,0
2326.png,0
2327.png,1
2328.png,1
2329.png,1
2330.png,0
2331.png,0
2332.png,1
2333.png,1
2334.png,1
2335.png,1
2336.png,0
2337.png,1
2338.png,0
2339.png,1
2340.png,0
2341.png,0
2342.png,1
2343.png,0
2344.png,0
2345.png,1
2346.png,0
2347.png,0
2348.png,1
2349.png,0
2350.png,0
2351.png,1
2352.png,1
2353.png,1
2354.png,0
2355.png,0
2356.png,0
2357.png,0
2358.png,0
2359.png,1
2360.png,0
2361.png,1
2362.png,0
2363.png,1
2364.png,1
2365.png,1
2366.png,0
2367.png,1
2368.png,1
2369.png,0
2370.png,0
2371.png,1
2372.png,1
2373.png,0
2374.png,1
2375.png,1
2376.png,0
2377.png,0
2378.png,0
2379.png,0
2380.png,0
2381.png,1
2382.png,1
2383.png,0
2384.png,0
2385.png,1
2386.png,0
2387.png,0
2388.png,1
2389.png,1
2390.png,1
2391.png,1
2392.png,0
2393.png,1
2394.png,1
2395.png,0
2396.png,1
2397.png,1
2398.png,1
2399.png,1
2400.png,1
2401.png,0
2402.png,1
2403.png,0
2404.png,1
2405.png,0
2406.png,0
2407.png,1
2408.png,1
2409.png,0
2410.png,1
2411.png,1
2412.png,0
2413.png,1
2414.png,1
2415.png,0
2416.png,0
2417.png,1
2418.png,1
2419.png,0
2420.png,0
2421.png,0
2422.png,0
2423.png,0
2424.png,0
2425.png,0
2426.png,1
2427.png,1
2428.png,0
2429.png,1
2430.png,0
2431.png,1
2432.png,1
2433.png,1
2434.png,0
2435.png,0
2436.png,0
2437.png,0
2438.png,1
2439.png,1
2440.png,0
2441.png,1
2442.png,1
2443.png,0
2444.png,0
2445.png,0
2446.png,1
2447.png,0
2448.png,0
2449.png,1
2450.png,0
2451.png,0
2452.png,0
2453.png,1
2454.png,1
2455.png,1
2456.png,1
2457.png,1
2458.png,0
2459.png,1
2460.png,1
2461.png,0
2462.png,0
2463.png,1
2464.png,1
2465.png,0
2466.png,0
2467.png,1
2468.png,0
2469.png,1
2470.png,0
2471.png,0
2472.png,0
2473.png,0
2474.png,1
2475.png,0
2476.png,0
2477.png,0
2478.png,0
2479.png,1
2480.png,0
2481.png,0
2482.png,0
2483.png,1
2484.png,1
2485.png,0
2486.png,0
2487.png,0
2488.png,0
2489.png,0
2490.png,0
2491.png,1
2492.png,0
2493.png,1
2494.png,1
2495.png,1
2496.png,1
2497.png,0
2498.png,1
2499.png,1
2500.png,1
2501.png,0
2502.png,1
2503.png,1
2504.png,1
2505.png,1
2506.png,0
2507.png,1
2508.png,1
2509.png,1
2510.png,1
2511.png,0
2512.png,1
2513.png,0
2514.png,0
2515.png,0
2516.png,0
2517.png,0
2518.png,1
2519.png,0
2520.png,1
2521.png,0
2522.png,0
2523.png,1
2524.png,1
2525.png,0
2526.png,1
2527.png,0
2528.png,0
2529.png,1
2530.png,0
2531.png,1
2532.png,0
2533.png,1
2534.png,1
2535.png,0
2536.png,1
2537.png,0
2538.png,1
2539.png,1
2540.png,1
2541.png,1
2542.png,1
2543.png,0
2544.png,1
2545.png,0
2546.png,0
2547.png,1
2548.png,0
2549.png,0
2550.png,0
2551.png,1
2552.png,1
2553.png,1
2554.png,0
2555.png,1
2556.png,0
2557.png,0
2558.png,0
2559.png,1
2560.png,1
2561.png,0
2562.png,0
2563.png,0
2564.png,1
2565.png,0
2566.png,0
2567.png,1
2568.png,1
2569.png,0
2570.png,1
2571.png,0
2572.png,1
2573.png,1
2574.png,1
2575.png,1
2576.png,1
2577.png,1
2578.png,1
2579.png,1
2580.png,0
2581.png,1
2582.png,1
2583.png,1
2584.png,1
2585.png,1
2586.png,0
2587.png,0
2588.png,0
2589.png,0
2590.png,0
2591.png,0
2592.png,1
2593.png,1
2594.png,1
2595.png,1
2596.png,0
2597.png,0
2598.png,1
2599.png,1
2600.png,0
2601.png,1
2602.png,0
2603.png,0
2604.png,1
2605.png,1
2606.png,0
2607.png,1
2608.png,0
2609.png,1
2610.png,1
2611.png,1
2612.png,0
2613.png,1
2614.png,0
2615.png,0
2616.png,0
2617.png,1
2618.png,0
2619.png,0
2620.png,1
2621.png,0
2622.png,1
2623.png,0
2624.png,0
2625.png,0
2626.png,1
2627.png,0
2628.png,1
2629.png,0
2630.png,0
2631.png,1
2632.png,1
2633.png,1
2634.png,0
2635.png,1
2636.png,1
2637.png,1
2638.png,1
2639.png,0
2640.png,1
2641.png,1
2642.png,1
2643.png,1
2644.png,1
2645.png,1
2646.png,0
2647.png,1
2648.png,0
2649.png,0
2650.png,1
2651.png,0
2652.png,1
2653.png,1
2654.png,0
2655.png,0
2656.png,1
2657.png,1
2658.png,1
2659.png,1
2660.png,0
2661.png,0
2662.png,1
2663.png,0
2664.png,1
2665.png,0
2666.png,0
2667.png,1
2668.png,0
2669.png,0
2670.png,1
2671.png,0
2672.png,0
2673.png,1
2674.png,1
2675.png,0
2676.png,0
2677.png,1
2678.png,1
2679.png,1
2680.png,1
2681.png,0
2682.png,1
2683.png,0
2684.png,1
2685.png,0
2686.png,0
2687.png,0
2688.png,1
2689.png,0
2690.png,1
2691.png,1
2692.png,1
2693.png,1
2694.png,0
2695.png,0
2696.png,0
2697.png,0
2698.png,0
2699.png,1
2700.png,0
2701.png,0
2702.png,0
2703.png,0
2704.png,0
2705.png,1
2706.png,0
2707.png,1
2708.png,0
2709.png,0
2710.png,1
2711.png,1
2712.png,0
2713.png,0
2714.png,0
2715.png,0
2716.png,0
2717.png,1
2718.png,1
2719.png,0
2720.png,1
2721.png,1
2722.png,1
2723.png,1
2724.png,0
2725.png,1
2726.png,1
2727.png,0
2728.png,0
2729.png,1
2730.png,0
2731.png,1
2732.png,1
2733.png,0
2734.png,1
2735.png,0
2736.png,0
2737.png,1
2738.png,1
2739.png,1
2740.png,1
2741.png,1
2742.png,1
2743.png,0
2744.png,1
2745.png,0
2746.png,0
2747.png,1
2748.png,1
2749.png,1
2750.png,1
2751.png,1
2752.png,0
2753.png,1
2754.png,1
2755.png,1
2756.png,1
2757.png,1
2758.png,0
2759.png,0
2760.png,1
2761.png,1
2762.png,1
2763.png,1
2764.png,0
2765.png,0
2766.png,1
2767.png,1
2768.png,0
2769.png,1
2770.png,1
2771.png,1
2772.png,0
2773.png,0
2774.png,0
2775.png,1
2776.png,0
2777.png,0
2778.png,1
2779.png,0
2780.png,0
2781.png,1
2782.png,0
2783.png,0
2784.png,1
2785.png,0
2786.png,0
2787.png,0
2788.png,1
2789.png,1
2790.png,0
2791.png,0
2792.png,0
2793.png,0
2794.png,0
2795.png,1
2796.png,1
2797.png,1
2798.png,0
2799.png,1
2800.png,1
2801.png,0
2802.png,1
2803.png,1
2804.png,0
2805.png,1
2806.png,1
2807.png,1
2808.png,1
2809.png,0
2810.png,0
2811.png,0
2812.png,0
2813.png,1
2814.png,1
2815.png,1
2816.png,0
2817.png,0
2818.png,0
2819.png,1
2820.png,0
2821.png,1
2822.png,0
2823.png,0
2824.png,1
2825.png,1
2826.png,0
2827.png,1
2828.png,1
2829.png,0
2830.png,1
2831.png,0
2832.png,0
2833.png,0
2834.png,0
2835.png,0
2836.png,1
2837.png,0
2838.png,0
2839.png,0
2840.png,1
2841.png,1
2842.png,0
2843.png,1
2844.png,1
2845.png,0
2846.png,0
2847.png,0
2848.png,0
2849.png,0
2850.png,1
2851.png,1
2852.png,1
2853.png,0
2854.png,0
2855.png,0
2856.png,1
2857.png,0
2858.png,1
2859.png,0
2860.png,0
2861.png,1
2862.png,1
2863.png,0
2864.png,1
2865.png,1
2866.png,0
2867.png,1
2868.png,0
2869.png,1
2870.png,1
2871.png,1
2872.png,1
2873.png,1
2874.png,1
2875.png,1
2876.png,1
2877.png,1
2878.png,0
2879.png,0
2880.png,1
2881.png,1
2882.png,0
2883.png,1
2884.png,1
2885.png,0
2886.png,1
2887.png,1
2888.png,0
2889.png,1
2890.png,0
2891.png,0
2892.png,1
2893.png,0
2894.png,1
2895.png,1
2896.png,1
2897.png,1
2898.png,1
2899.png,1
2900.png,0
2901.png,0
2902.png,1
2903.png,1
2904.png,1
2905.png,1
2906.png,1
2907.png,0
2908.png,1
2909.png,0
2910.png,0
2911.png,1
2912.png,0
2913.png,0
2914.png,1
2915.png,0
2916.png,1
2917.png,0
2918.png,0
2919.png,0
2920.png,1
2921.png,1
2922.png,1
2923.png,0
2924.png,0
2925.png,1
2926.png,1
2927.png,0
2928.png,1
2929.png,0
2930.png,1
2931.png,1
2932.png,0
2933.png,1
2934.png,0
2935.png,0
2936.png,0
2937.png,1
2938.png,0
2939.png,1
2940.png,0
2941.png,1
2942.png,0
2943.png,0
2944.png,0
2945.png,1
2946.png,1
2947.png,1
2948.png,1
2949.png,1
2950.png,1
2951.png,0
2952.png,0
2953.png,0
2954.png,1
2955.png,1
2956.png,0
2957.png,0
2958.png,0
2959.png,0
2960.png,0
2961.png,1
2962.png,1
2963.png,0
2964.png,0
2965.png,1
2966.png,1
2967.png,1
2968.png,1
2969.png,1
2970.png,0
2971.png,0
2972.png,1
2973.png,1
2974.png,0
2975.png,1
2976.png,1
2977.png,0
2978.png,0
2979.png,1
2980.png,0
2981.png,0
2982.png,1
2983.png,0
2984.png,1
2985.png,0
2986.png,1
2987.png,1
2988.png,0
2989.png,1
2990.png,0
2991.png,1
2992.png,1
2993.png,1
2994.png,1
2995.png,1
2996.png,1
2997.png,1
2998.png,1
2999.png,0
3000.png,1
3001.png,1
3002.png,0
3003.png,1
3004.png,1
3005.png,0
3006.png,1
3007.png,0
3008.png,0
3009.png,1
3010.png,0
3011.png,0
3012.png,0
3013.png,0
3014.png,1
3015.png,0
3016.png,0
3017.png,0
3018.png,0
3019.png,1
3020.png,1
3021.png,1
3022.png,0
3023.png,0
3024.png,1
3025.png,1
3026.png,0
3027.png,0
3028.png,1
3029.png,1
3030.png,1
3031.png,0
3032.png,0
3033.png,0
3034.png,0
3035.png,0
3036.png,1
3037.png,0
3038.png,0
3039.png,1
3040.png,1
3041.png,0
3042.png,1
3043.png,1
3044.png,0
3045.png,1
3046.png,1
3047.png,1
3048.png,0
3049.png,0
3050.png,0
3051.png,0
3052.png,1
3053.png,1
3054.png,0
3055.png,0
3056.png,1
3057.png,1
3058.png,1
3059.png,1
3060.png,1
3061.png,0
3062.png,1
3063.png,1
3064.png,1
3065.png,0
3066.png,0
3067.png,1
3068.png,1
3069.png,1
3070.png,0
3071.png,1
3072.png,1
3073.png,0
3074.png,0
3075.png,0
3076.png,0
3077.png,0
3078.png,1
3079.png,0
3080.png,0
3081.png,1
3082.png,1
3083.png,1
3084.png,0
3085.png,1
3086.png,1
3087.png,0
3088.png,0
3089.png,0
3090.png,0
3091.png,1
3092.png,1
3093.png,0
3094.png,1
3095.png,0
3096.png,0
3097.png,1
3098.png,1
3099.png,0
3100.png,1
3101.png,0
3102.png,1
3103.png,0
3104.png,1
3105.png,1
3106.png,1
3107.png,1
3108.png,0
3109.png,1
3110.png,1
3111.png,1
3112.png,1
3113.png,0
3114.png,0
3115.png,0
3116.png,1
3117.png,0
3118.png,0
3119.png,0
3120.png,0
3121.png,0
3122.png,1
3123.png,1
3124.png,0
3125.png,1
3126.png,1
3127.png,1
3128.png,0
3129.png,1
3130.png,0
3131.png,0
3132.png,0
3133.png,0
3134.png,0
3135.png,1
3136.png,1
3137.png,1
3138.png,1
3139.png,1
3140.png,0
3141.png,0
3142.png,1
3143.png,1
3144.png,1
3145.png,1
3146.png,0
3147.png,0
3148.png,1
3149.png,1
3150.png,0
3151.png,0
3152.png,1
3153.png,1
3154.png,0
3155.png,0
3156.png,1
3157.png,1
3158.png,1
3159.png,0
3160.png,1
3161.png,1
3162.png,0
3163.png,1
3164.png,1
3165.png,0
3166.png,0
3167.png,0
3168.png,1
3169.png,1
3170.png,1
3171.png,0
3172.png,0
3173.png,0
3174.png,1
3175.png,1
3176.png,0
3177.png,0
3178.png,0
3179.png,0
3180.png,0
3181.png,1
3182.png,1
3183.png,1
3184.png,1
3185.png,1
3186.png,1
3187.png,1
3188.png,0
3189.png,0
3190.png,0
3191.png,0
3192.png,1
3193.png,1
3194.png,1
3195.png,0
3196.png,1
3197.png,0
3198.png,1
3199.png,0
3200.png,1
3201.png,1
3202.png,0
3203.png,1
3204.png,0
3205.png,0
3206.png,1
3207.png,1
3208.png,0
3209.png,1
3210.png,0
3211.png,0
3212.png,0
3213.png,0
3214.png,1
3215.png,1
3216.png,1
3217.png,1
3218.png,0
3219.png,0
3220.png,0
3221.png,1
3222.png,0
3223.png,0
3224.png,0
3225.png,1
3226.png,0
3227.png,0
3228.png,0
3229.png,0
3230.png,0
3231.png,1
3232.png,1
3233.png,1
3234.png,0
3235.png,1
3236.png,1
3237.png,0
3238.png,0
3239.png,0
3240.png,0
3241.png,0
3242.png,1
3243.png,0
3244.png,0
3245.png,1
3246.png,1
3247.png,0
3248.png,1
3249.png,1
3250.png,0
3251.png,1
3252.png,0
3253.png,0
3254.png,1
3255.png,0
3256.png,1
3257.png,1
3258.png,1
3259.png,0
3260.png,1
3261.png,1
3262.png,0
3263.png,0
3264.png,0
3265.png,1
3266.png,1
3267.png,0
3268.png,1
3269.png,1
3270.png,1
3271.png,0
3272.png,0
3273.png,0
3274.png,0
3275.png,0
3276.png,0
3277.png,0
3278.png,1
3279.png,0
3280.png,1
3281.png,0
3282.png,1
3283.png,0
3284.png,0
3285.png,1
3286.png,1
3287.png,1
3288.png,1
3289.png,0
3290.png,1
3291.png,0
3292.png,1
3293.png,0
3294.png,0
3295.png,0
3296.png,1
3297.png,0
3298.png,0
3299.png,1
3300.png,0
3301.png,0
3302.png,1
3303.png,1
3304.png,1
3305.png,0
3306.png,1
3307.png,1
3308.png,1
3309.png,0
3310.png,0
3311.png,1
3312.png,0
3313.png,0
3314.png,0
3315.png,0
3316.png,0
3317.png,0
3318.png,1
3319.png,0
3320.png,1
3321.png,0
3322.png,0
3323.png,0
3324.png,0
3325.png,0
3326.png,1
3327.png,0
3328.png,0
3329.png,0
3330.png,0
3331.png,1
3332.png,0
3333.png,0
3334.png,0
3335.png,0
3336.png,1
3337.png,0
3338.png,0
3339.png,1
3340.png,0
3341.png,1
3342.png,0
3343.png,1
3344.png,0
3345.png,1
3346.png,1
3347.png,0
3348.png,1
3349.png,0
3350.png,1
3351.png,0
3352.png,0
3353.png,0
3354.png,1
3355.png,1
3356.png,1
3357.png,1
3358.png,1
3359.png,1
3360.png,0
3361.png,1
3362.png,0
3363.png,1
3364.png,1
3365.png,1
3366.png,0
3367.png,0
3368.png,1
3369.png,1
3370.png,1
3371.png,1
3372.png,1
3373.png,1
3374.png,0
3375.png,1
3376.png,0
3377.png,0
3378.png,0
3379.png,0
3380.png,1
3381.png,0
3382.png,0
3383.png,0
3384.png,0
3385.png,1
3386.png,0
3387.png,0
3388.png,1
3389.png,1
3390.png,1
3391.png,1
3392.png,0
3393.png,0
3394.png,0
3395.png,0
3396.png,1
3397.png,0
3398.png,0
3399.png,0
3400.png,0
3401.png,0
3402.png,1
3403.png,0
3404.png,1
3405.png,0
3406.png,0
3407.png,0
3408.png,1
3409.png,1
3410.png,1
3411.png,0
3412.png,0
3413.png,0
3414.png,0
3415.png,0
3416.png,0
3417.png,1
3418.png,1
3419.png,1
3420.png,1
3421.png,1
3422.png,1
3423.png,0
3424.png,0
3425.png,0
3426.png,1
3427.png,1
3428.png,1
3429.png,0
3430.png,0
3431.png,1
3432.png,1
3433.png,0
3434.png,1
3435.png,1
3436.png,0
3437.png,1
3438.png,1
3439.png,1
3440.png,1
3441.png,0
3442.png,1
3443.png,1
3444.png,0
3445.png,0
3446.png,0
3447.png,1
3448.png,1
3449.png,1
3450.png,1
3451.png,0
3452.png,0
3453.png,0
3454.png,0
3455.png,0
3456.png,1
3457.png,0
3458.png,0
3459.png,1
3460.png,1
3461.png,0
3462.png,0
3463.png,1
3464.png,1
3465.png,1
3466.png,0
3467.png,0
3468.png,1
3469.png,0
3470.png,0
3471.png,0
3472.png,1
3473.png,0
3474.png,0
3475.png,0
3476.png,0
3477.png,0
3478.png,1
3479.png,0
3480.png,0
3481.png,0
3482.png,0
3483.png,1
3484.png,0
3485.png,0
3486.png,0
3487.png,1
3488.png,1
3489.png,1
3490.png,0
3491.png,0
3492.png,1
3493.png,0
3494.png,1
3495.png,0
3496.png,0
3497.png,0
3498.png,0
3499.png,0
3500.png,0
3501.png,0
3502.png,1
3503.png,0
3504.png,1
3505.png,1
3506.png,1
3507.png,0
3508.png,1
3509.png,1
3510.png,0
3511.png,0
3512.png,1
3513.png,0
3514.png,1
3515.png,0
3516.png,0
3517.png,1
3518.png,0
3519.png,1
3520.png,0
3521.png,1
3522.png,0
3523.png,0
3524.png,0
3525.png,1
3526.png,0
3527.png,0
3528.png,1
3529.png,0
3530.png,1
3531.png,0
3532.png,1
3533.png,0
3534.png,1
3535.png,0
3536.png,1
3537.png,0
3538.png,0
3539.png,0
3540.png,1
3541.png,1
3542.png,0
3543.png,0
3544.png,1
3545.png,1
3546.png,1
3547.png,1
3548.png,0
3549.png,0
3550.png,0
3551.png,1
3552.png,0
3553.png,0
3554.png,1
3555.png,1
3556.png,1
3557.png,0
3558.png,1
3559.png,1
3560.png,1
3561.png,1
3562.png,1
3563.png,0
3564.png,0
3565.png,0
3566.png,1
3567.png,0
3568.png,0
3569.png,0
3570.png,0
3571.png,1
3572.png,1
3573.png,0
3574.png,1
3575.png,0
3576.png,0
3577.png,1
3578.png,1
3579.png,0
3580.png,1
3581.png,0
3582.png,0
3583.png,0
3584.png,1
3585.png,1
3586.png,1
3587.png,0
3588.png,0
3589.png,1
3590.png,1
3591.png,0
3592.png,0
3593.png,0
3594.png,0
3595.png,1
3596.png,0
3597.png,0
3598.png,1
3599.png,0
3600.png,1
3601.png,1
3602.png,0
3603.png,0
3604.png,1
3605.png,0
3606.png,0
3607.png,0
3608.png,0
3609.png,0
3610.png,1
3611.png,0
3612.png,0
3613.png,0
3614.png,0
3615.png,1
3616.png,0
3617.png,1
3618.png,0
3619.png,1
3620.png,0
3621.png,1
3622.png,0
3623.png,0
3624.png,1
3625.png,0
3626.png,0
3627.png,1
3628.png,0
3629.png,1
3630.png,0
3631.png,1
3632.png,0
3633.png,1
3634.png,1
3635.png,1
3636.png,0
3637.png,0
3638.png,1
3639.png,1
3640.png,0
3641.png,1
3642.png,1
3643.png,1
3644.png,1
3645.png,1
3646.png,0
3647.png,1
3648.png,0
3649.png,0
3650.png,0
3651.png,0
3652.png,1
3653.png,1
3654.png,1
3655.png,1
3656.png,0
3657.png,1
3658.png,1
3659.png,1
3660.png,0
3661.png,0
3662.png,1
3663.png,1
3664.png,1
3665.png,1
3666.png,0
3667.png,0
3668.png,0
3669.png,0
3670.png,0
3671.png,0
3672.png,0
3673.png,1
3674.png,1
3675.png,0
3676.png,0
3677.png,0
3678.png,1
3679.png,1
3680.png,1
3681.png,0
3682.png,0
3683.png,1
3684.png,1
3685.png,1
3686.png,1
3687.png,1
3688.png,0
3689.png,1
3690.png,1
3691.png,0
3692.png,0
3693.png,0
3694.png,1
3695.png,0
3696.png,0
3697.png,1
3698.png,0
3699.png,1
3700.png,0
3701.png,0
3702.png,1
3703.png,0
3704.png,0
3705.png,1
3706.png,1
3707.png,0
3708.png,0
3709.png,1
3710.png,0
3711.png,1
3712.png,1
3713.png,1
3714.png,1
3715.png,1
3716.png,0
3717.png,1
3718.png,1
3719.png,0
3720.png,0
3721.png,0
3722.png,1
3723.png,1
3724.png,0
3725.png,0
3726.png,1
3727.png,0
3728.png,0
3729.png,0
3730.png,1
3731.png,0
3732.png,0
3733.png,0
3734.png,0
3735.png,0
3736.png,0
3737.png,1
3738.png,0
3739.png,0
3740.png,0
3741.png,1
3742.png,0
3743.png,0
3744.png,0
3745.png,1
3746.png,1
3747.png,0
3748.png,0
3749.png,1
3750.png,1
3751.png,1
3752.png,1
3753.png,1
3754.png,1
3755.png,0
3756.png,1
3757.png,1
3758.png,1
3759.png,0
3760.png,0
3761.png,1
3762.png,1
3763.png,1
3764.png,0
3765.png,1
3766.png,0
3767.png,1
3768.png,1
3769.png,1
3770.png,0
3771.png,0
3772.png,1
3773.png,0
3774.png,1
3775.png,1
3776.png,0
3777.png,0
3778.png,0
3779.png,1
3780.png,0
3781.png,0
3782.png,0
3783.png,0
3784.png,1
3785.png,1
3786.png,1
3787.png,0
3788.png,0
3789.png,1
3790.png,1
3791.png,0
3792.png,0
3793.png,0
3794.png,1
3795.png,1
3796.png,0
3797.png,0
3798.png,0
3799.png,1
3800.png,0
3801.png,1
3802.png,0
3803.png,1
3804.png,0
3805.png,1
3806.png,0
3807.png,0
3808.png,1
3809.png,0
3810.png,0
3811.png,0
3812.png,1
3813.png,0
3814.png,0
3815.png,0
3816.png,1
3817.png,0
3818.png,1
3819.png,1
3820.png,0
3821.png,1
3822.png,0
3823.png,1
3824.png,1
3825.png,0
3826.png,0
3827.png,0
3828.png,1
3829.png,1
3830.png,1
3831.png,0
3832.png,0
3833.png,1
3834.png,0
3835.png,1
3836.png,0
3837.png,0
3838.png,0
3839.png,0
3840.png,1
3841.png,1
3842.png,1
3843.png,1
3844.png,1
3845.png,0
3846.png,1
3847.png,1
3848.png,1
3849.png,1
3850.png,0
3851.png,0
3852.png,0
3853.png,1
3854.png,0
3855.png,1
3856.png,0
3857.png,0
3858.png,1
3859.png,1
3860.png,0
3861.png,0
3862.png,0
3863.png,0
3864.png,1
3865.png,0
3866.png,1
3867.png,1
3868.png,1
3869.png,0
3870.png,1
3871.png,0
3872.png,0
3873.png,0
3874.png,1
3875.png,0
3876.png,0
3877.png,1
3878.png,1
3879.png,0
3880.png,1
3881.png,0
3882.png,1
3883.png,0
3884.png,0
3885.png,1
3886.png,0
3887.png,1
3888.png,0
3889.png,0
3890.png,1
3891.png,1
3892.png,0
3893.png,1
3894.png,1
3895.png,0
3896.png,0
3897.png,0
3898.png,0
3899.png,1
3900.png,1
3901.png,0
3902.png,1
3903.png,1
3904.png,1
3905.png,0
3906.png,0
3907.png,1
3908.png,1
3909.png,0
3910.png,0
3911.png,0
3912.png,0
3913.png,1
3914.png,0
3915.png,0
3916.png,0
3917.png,0
3918.png,0
3919.png,0
3920.png,1
3921.png,0
3922.png,0
3923.png,0
3924.png,0
3925.png,1
3926.png,0
3927.png,0
3928.png,0
3929.png,1
3930.png,1
3931.png,0
3932.png,0
3933.png,1
3934.png,0
3935.png,1
3936.png,1
3937.png,0
3938.png,1
3939.png,0
3940.png,0
3941.png,1
3942.png,0
3943.png,1
3944.png,1
3945.png,0
3946.png,0
3947.png,0
3948.png,0
3949.png,0
3950.png,1
3951.png,1
3952.png,0
3953.png,1
3954.png,0
3955.png,0
3956.png,1
3957.png,0
3958.png,0
3959.png,0
3960.png,0
3961.png,1
3962.png,0
3963.png,0
3964.png,0
3965.png,1
3966.png,1
3967.png,1
3968.png,0
3969.png,1
3970.png,0
3971.png,1
3972.png,1
3973.png,1
3974.png,0
3975.png,1
3976.png,1
3977.png,0
3978.png,0
3979.png,0
3980.png,1
3981.png,0
3982.png,1
3983.png,0
3984.png,0
3985.png,1
3986.png,0
3987.png,0
3988.png,0
3989.png,1
3990.png,0
3991.png,0
3992.png,0
3993.png,1
3994.png,0
3995.png,1
3996.png,0
3997.png,0
3998.png,1
3999.png,0
4000.png,1
4001.png,1
4002.png,1
4003.png,0
4004.png,1
4005.png,1
4006.png,0
4007.png,0
4008.png,0
4009.png,1
4010.png,1
4011.png,0
4012.png,1
4013.png,0
4014.png,0
4015.png,0
4016.png,0
4017.png,0
4018.png,1
4019.png,1
4020.png,1
4021.png,0
4022.png,0
4023.png,1
4024.png,0
4025.png,1
4026.png,1
4027.png,0
4028.png,0
4029.png,1
4030.png,1
4031.png,0
4032.png,0
4033.png,1
4034.png,0
4035.png,1
4036.png,0
4037.png,1
4038.png,1
4039.png,1
4040.png,1
4041.png,0
4042.png,1
4043.png,1
4044.png,0
4045.png,0
4046.png,1
4047.png,0
4048.png,0
4049.png,1
4050.png,1
4051.png,0
4052.png,0
4053.png,1
4054.png,1
4055.png,0
4056.png,0
4057.png,1
4058.png,1
4059.png,1
4060.png,0
4061.png,0
4062.png,0
4063.png,0
4064.png,0
4065.png,0
4066.png,0
4067.png,0
4068.png,1
4069.png,1
4070.png,0
4071.png,0
4072.png,0
4073.png,1
4074.png,1
4075.png,1
4076.png,1
4077.png,1
4078.png,0
4079.png,0
4080.png,1
4081.png,1
4082.png,0
4083.png,1
4084.png,1
4085.png,1
4086.png,0
4087.png,1
4088.png,1
4089.png,0
4090.png,1
4091.png,1
4092.png,0
4093.png,1
4094.png,0
4095.png,1
4096.png,0
4097.png,1
4098.png,1
4099.png,1
4100.png,0
4101.png,1
4102.png,0
4103.png,1
4104.png,1
4105.png,0
4106.png,0
4107.png,1
4108.png,1
4109.png,1
4110.png,0
4111.png,1
4112.png,0
4113.png,0
4114.png,0
4115.png,1
4116.png,0
4117.png,1
4118.png,0
4119.png,1
4120.png,1
4121.png,1
4122.png,0
4123.png,1
4124.png,0
4125.png,0
4126.png,0
4127.png,0
4128.png,0
4129.png,0
4130.png,1
4131.png,1
4132.png,0
4133.png,1
4134.png,1
4135.png,1
4136.png,0
4137.png,0
4138.png,1
4139.png,0
4140.png,1
4141.png,0
4142.png,1
4143.png,0
